
<?xml version="1.0" encoding="UTF-8" standalone="yes"?>
<addon id="repository.WTV" name="WTV official Repo" version="1.1.0" provider-name="WefixMX">
	<extension point="xbmc.addon.repository" name="WTV official Repo">
		<info compressed="false">https://raw.githubusercontent.com/wefixmx/WTV/master/addons.xml</info>
		<checksum>https://raw.githubusercontent.com/wefixmx/WTV/master/addons.xml.md5</checksum>
		<datadir zip="true">https://raw.githubusercontent.com/wefixmx/WTV/master</datadir>
	</extension>
	<extension point="xbmc.addon.metadata">
		<summary>WTV official Repo</summary>
   		<description lang="en">Instala los Addons de WTV.</description>
		<disclaimer></disclaimer>
		<platform>all</platform>
	</extension>
</addon>